EM_ID,UCMC,Date,Year,Month,Day,Week,Site,lat,lon,ele_m,Plot,Plant,Plant species name,Plant common name,Plant family,Insect species name,Insect notes,notes
EM01680,,8/8/2017,2017,8,8,12,Elk M.,40.030126,-105.540468,2900,1,ACHMIL,Achillea millefolium,Common Yarrow,Asteraceae,Bombus mixtus,worker,
EM02528,,8/4/2021,2021,8,4,,Elk M.,40.030126,-105.540468,2900,1,ACHMIL,Achillea millefolium,Common Yarrow,Asteraceae,Bombus mixtus,female,
EM01423,,7/29/2016,2016,7,29,9,Elk M.,40.030126,-105.540468,2900,2,ACHMIL,Achillea millefolium,Common Yarrow,Asteraceae,Bombus bifarius,female,
EM01989,,8/10/2018,2018,8,10,12,Elk M.,40.030126,-105.540468,2900,2,ACHMIL,Achillea millefolium,Common Yarrow,Asteraceae,Bombus sylvicola,male,
EM02605,,8/28/2021,2021,8,28,,Elk M.,40.030126,-105.540468,2900,2,ACHMIL,Achillea millefolium,Common Yarrow,Asteraceae,Bombus bifarius,female,
EM01908,,7/11/2018,2018,7,11,8,Elk M.,40.030126,-105.540468,2900,3,ACHMIL,Achillea millefolium,Common Yarrow,Asteraceae,Bombus flavifrons,,
EM01912,,7/11/2018,2018,7,11,8,Elk M.,40.030126,-105.540468,2900,3,ACHMIL,Achillea millefolium,Common Yarrow,Asteraceae,Bombus bifarius,worker,
,,7/11/2018,2018,7,11,8,Elk M.,40.030126,-105.540468,2900,3,ACHMIL,Achillea millefolium,Common Yarrow,Asteraceae,Bombus bifarius,worker,
EM01969,,8/4/2018,2018,8,4,11,Elk M.,40.030126,-105.540468,2900,4,ACHMIL,Achillea millefolium,Common Yarrow,Asteraceae,Bombus insularis,male,
EM01990,,8/10/2018,2018,8,10,12,Elk M.,40.030126,-105.540468,2900,4,ACHMIL,Achillea millefolium,Common Yarrow,Asteraceae,Bombus bifarius,worker,
EM01990,,8/10/2018,2018,8,10,12,Elk M.,40.030126,-105.540468,2900,4,ACHMIL,Achillea millefolium,Common Yarrow,Asteraceae,Bombus bifarius,worker,
EM02249,,8/8/2020,2020,8,8,,Elk M.,40.030126,-105.540468,2900,4,ACHMIL,Achillea millefolium,Common Yarrow,Asteraceae,Bombus bifarius,female,
EM01991,,8/10/2018,2018,8,10,12,Elk M.,40.030126,-105.540468,2900,5,ACHMIL,Achillea millefolium,Common Yarrow,Asteraceae,Bombus bifarius,worker,
EM01442,,8/11/2016,2016,8,11,11,Elk M.,40.030126,-105.540468,2900,1,CAMROT,Campanula rotundifolia,Harebell,Campanulaceae,Bombus flavifrons,,
EM01671,,7/31/2017,2017,7,31,11,Elk M.,40.030126,-105.540468,2900,1,CAMROT,Campanula rotundifolia,Harebell,Campanulaceae,Bombus mixtus,worker,
EM02241,,8/1/2020,2020,8,1,,Elk M.,40.030126,-105.540468,2900,1,CAMROT,Campanula rotundifolia,Harebell,Campanulaceae,Bombus bifarius,female,
,,8/6/2019,2019,8,6,9,Elk M.,40.030126,-105.540468,2900,1,CAMROT,Campanula rotundifolia,Harebell,Campanulaceae,Bombus mixtus,,
EM01946,,7/25/2018,2018,7,25,10,Elk M.,40.030126,-105.540468,2900,2,CAMROT,Campanula rotundifolia,Harebell,Campanulaceae,Bombus bifarius,worker,
EM02471,,7/22/2021,2021,7,22,,Elk M.,40.030126,-105.540468,2900,2,CAMROT,Campanula rotundifolia,Harebell,Campanulaceae,Bombus flavifrons,queen,
EM02493,,7/28/2021,2021,7,28,,Elk M.,40.030126,-105.540468,2900,2,CAMROT,Campanula rotundifolia,Harebell,Campanulaceae,Bombus bifarius,female,
EM02538,,8/12/2021,2021,8,12,,Elk M.,40.030126,-105.540468,2900,2,CAMROT,Campanula rotundifolia,Harebell,Campanulaceae,Bombus bifarius,female,
,,8/26/2019,2019,8,26,12,Elk M.,40.030126,-105.540468,2900,2,CAMROT,Campanula rotundifolia,Harebell,Campanulaceae,Bombus bifarius,,
EM01368,,7/8/2016,2016,7,8,6,Elk M.,40.030126,-105.540468,2900,3,CAMROT,Campanula rotundifolia,Harebell,Campanulaceae,Bombus flavifrons,,
EM01427,,7/29/2016,2016,7,29,9,Elk M.,40.030126,-105.540468,2900,3,CAMROT,Campanula rotundifolia,Harebell,Campanulaceae,Bombus rufocinctus,,
EM01884,,7/6/2018,2018,7,6,7,Elk M.,40.030126,-105.540468,2900,3,CAMROT,Campanula rotundifolia,Harebell,Campanulaceae,Bombus rufocinctus,,
EM01958,,7/25/2018,2018,7,25,10,Elk M.,40.030126,-105.540468,2900,3,CAMROT,Campanula rotundifolia,Harebell,Campanulaceae,Bombus bifarius,worker,
EM02476,,7/22/2021,2021,7,22,,Elk M.,40.030126,-105.540468,2900,3,CAMROT,Campanula rotundifolia,Harebell,Campanulaceae,Bombus mixtus,female,
,,8/6/2019,2019,8,6,9,Elk M.,40.030126,-105.540468,2900,3,CAMROT,Campanula rotundifolia,Harebell,Campanulaceae,Bombus bifarius,male,
EM01463b,,8/26/2016,2016,8,26,13,Elk M.,40.030126,-105.540468,2900,4,CAMROT,Campanula rotundifolia,Harebell,Campanulaceae,Bombus sylvicola,,
EM02494,,7/28/2021,2021,7,28,,Elk M.,40.030126,-105.540468,2900,4,CAMROT,Campanula rotundifolia,Harebell,Campanulaceae,Bombus bifarius,female,
,,8/6/2019,2019,8,6,9,Elk M.,40.030126,-105.540468,2900,4,CAMROT,Campanula rotundifolia,Harebell,Campanulaceae,Bombus flavifrons,,
,,8/6/2019,2019,8,6,9,Elk M.,40.030126,-105.540468,2900,5,CAMROT,Campanula rotundifolia,Harebell,Campanulaceae,Bombus flavifrons,,
,,8/11/2019,2019,8,11,10,Elk M.,40.030126,-105.540468,2900,5,CAMROT,Campanula rotundifolia,Harebell,Campanulaceae,Bombus bifarius,,
,,8/8/2020,2020,8,8,,Elk M.,40.030126,-105.540468,2900,5,CAMROT,Campanula rotundifolia,Harebell,Campanulaceae,Bombus bifarius,same as EM02250,
EM01387,,7/15/2016,2016,7,15,7,Elk M.,40.030126,-105.540468,2900,6,CAMROT,Campanula rotundifolia,Harebell,Campanulaceae,Bombus rufocinctus,,
EM01700,,8/14/2017,2017,8,14,13,Elk M.,40.030126,-105.540468,2900,6,CAMROT,Campanula rotundifolia,Harebell,Campanulaceae,Bombus mixtus,worker,
EM01950,,7/25/2018,2018,7,25,10,Elk M.,40.030126,-105.540468,2900,6,CAMROT,Campanula rotundifolia,Harebell,Campanulaceae,Bombus rufocinctus,,
EM01982,,8/10/2018,2018,8,10,12,Elk M.,40.030126,-105.540468,2900,5,CASMIN,Castilleja miniata,Giant Red Indian Paintbrush,Orobanchaceae,Bombus (fervidus) californicus,,
EM01421,,7/29/2016,2016,7,29,9,Elk M.,40.030126,-105.540468,2900,2,CHAANG,Chamerion angustifolium,Fireweed,Onagraceae,Bombus bifarius,male,
EM01970,,8/4/2018,2018,8,4,11,Elk M.,40.030126,-105.540468,2900,2,CHAANG,Chamerion angustifolium,Fireweed,Onagraceae,Bombus bifarius,worker,
EM02245,,8/8/2020,2020,8,8,,Elk M.,40.030126,-105.540468,2900,2,CHAANG,Chamerion angustifolium,Fireweed,Onagraceae,Bombus flavifrons,male,
EM02547,,8/12/2021,2021,8,12,,Elk M.,40.030126,-105.540468,2900,2,CHAANG,Chamerion angustifolium,Fireweed,Onagraceae,Bombus flavifrons,male,
,,8/6/2019,2019,8,6,9,Elk M.,40.030126,-105.540468,2900,2,CHAANG,Chamerion angustifolium,Fireweed,Onagraceae,Bombus flavifrons,,
EM02499,,7/28/2021,2021,7,28,,Elk M.,40.030126,-105.540468,2900,4,CHAANG,Chamerion angustifolium,Fireweed,Onagraceae,Bombus flavifrons,female,
EM02539,,8/12/2021,2021,8,12,,Elk M.,40.030126,-105.540468,2900,4,CHAANG,Chamerion angustifolium,Fireweed,Onagraceae,Bombus flavifrons,female,
EM01936,,7/20/2018,2018,7,20,9,Elk M.,40.030126,-105.540468,2900,5,CHAANG,Chamerion angustifolium,Fireweed,Onagraceae,Bombus flavifrons,,
,,8/6/2019,2019,8,6,9,Elk M.,40.030126,-105.540468,2900,5,CHAANG,Chamerion angustifolium,Fireweed,Onagraceae,Bombus flavifrons,,
EM01406,,7/21/2016,2016,7,21,8,Elk M.,40.030126,-105.540468,2900,1,CIRCLA,Cirsium clavatum,Fringed Thistle,Asteraceae,Bombus flavifrons,,Cirsium centaureae
EM02597,,8/28/2021,2021,8,28,,Elk M.,40.030126,-105.540468,2900,1,CIRCLA,Cirsium clavatum,Fringed Thistle,Asteraceae,Bombus flavifrons,female,Cirsium centaureae
EM01973,,8/4/2018,2018,8,4,11,Elk M.,40.030126,-105.540468,2900,2,CIRCLA,Cirsium clavatum,Fringed Thistle,Asteraceae,Bombus bifarius,worker,Cirsium centaureae
EM01993,,8/10/2018,2018,8,10,12,Elk M.,40.030126,-105.540468,2900,2,CIRCLA,Cirsium clavatum,Fringed Thistle,Asteraceae,Bombus bifarius,worker,Cirsium centaureae
,,8/16/2020,2020,8,16,12,Elk M.,40.030126,-105.540468,2900,2,CIRCLA,Cirsium clavatum,Fringed Thistle,Asteraceae,Bombus appositus,,Cirsium centaureae
EM01927,,7/20/2018,2018,7,20,9,Elk M.,40.030126,-105.540468,2900,4,CIRCLA,Cirsium clavatum,Fringed Thistle,Asteraceae,Bombus flavifrons,,Cirsium centaureae
EM02162,,8/6/2019,2019,8,6,9,Elk M.,40.030126,-105.540468,2900,4,CIRCLA,Cirsium clavatum,Fringed Thistle,Asteraceae,Bombus flavifrons,male,Cirsium centaureae
EM02498,,7/28/2021,2021,7,28,,Elk M.,40.030126,-105.540468,2900,4,CIRCLA,Cirsium clavatum,Fringed Thistle,Asteraceae,Bombus flavifrons,female,Cirsium centaureae
EM02527,,8/4/2021,2021,8,4,,Elk M.,40.030126,-105.540468,2900,4,CIRCLA,Cirsium clavatum,Fringed Thistle,Asteraceae,Bombus flavifrons,male,Cirsium centaureae
EM02555,,8/12/2021,2021,8,12,,Elk M.,40.030126,-105.540468,2900,4,CIRCLA,Cirsium clavatum,Fringed Thistle,Asteraceae,Bombus flavifrons,queen,Cirsium centaureae
EM01637,,7/17/2017,2017,7,17,9,Elk M.,40.030126,-105.540468,2900,5,CIRCLA,Cirsium clavatum,Fringed Thistle,Asteraceae,Bombus flavifrons,female,Cirsium centaureae
EM01679,,7/31/2017,2017,7,31,11,Elk M.,40.030126,-105.540468,2900,5,CIRCLA,Cirsium clavatum,Fringed Thistle,Asteraceae,Bombus flavifrons,worker,Cirsium centaureae
EM02228,,7/26/2020,2020,7,26,,Elk M.,40.030126,-105.540468,2900,5,CIRCLA,Cirsium clavatum,Fringed Thistle,Asteraceae,Bombus flavifrons,male,Cirsium centaureae
EM01661,,7/31/2017,2017,7,31,11,Elk M.,40.030126,-105.540468,2900,6,CIRCLA,Cirsium clavatum,Fringed Thistle,Asteraceae,Bombus flavifrons,worker,Cirsium centaureae
EM01928,,7/20/2018,2018,7,20,9,Elk M.,40.030126,-105.540468,2900,6,CIRCLA,Cirsium clavatum,Fringed Thistle,Asteraceae,Bombus flavifrons,,Cirsium centaureae
EM01975,,8/4/2018,2018,8,4,11,Elk M.,40.030126,-105.540468,2900,6,CIRCLA,Cirsium clavatum,Fringed Thistle,Asteraceae,Bombus flavifrons,male,Cirsium centaureae
EM02231,,7/26/2020,2020,7,26,,Elk M.,40.030126,-105.540468,2900,6,CIRCLA,Cirsium clavatum,Fringed Thistle,Asteraceae,Bombus flavifrons,female,Cirsium centaureae
EM02240,,8/1/2020,2020,8,1,,Elk M.,40.030126,-105.540468,2900,6,CIRCLA,Cirsium clavatum,Fringed Thistle,Asteraceae,Bombus flavifrons,female,Cirsium centaureae
EM02473,,7/22/2021,2021,7,22,,Elk M.,40.030126,-105.540468,2900,6,CIRCLA,Cirsium clavatum,Fringed Thistle,Asteraceae,Bombus flavifrons,female,Cirsium centaureae
EM02475,,7/22/2021,2021,7,22,,Elk M.,40.030126,-105.540468,2900,6,CIRCLA,Cirsium clavatum,Fringed Thistle,Asteraceae,Bombus flavifrons,female,Cirsium centaureae
EM02529,,8/4/2021,2021,8,4,,Elk M.,40.030126,-105.540468,2900,6,CIRCLA,Cirsium clavatum,Fringed Thistle,Asteraceae,Bombus flavifrons,female,Cirsium centaureae
EM02562,,8/12/2021,2021,8,12,,Elk M.,40.030126,-105.540468,2900,6,CIRCLA,Cirsium clavatum,Fringed Thistle,Asteraceae,Bombus appositus,female,Cirsium centaureae
EM01321,,6/18/2016,2016,6,18,3,Elk M.,40.030126,-105.540468,2900,2,DODPUL,Dodecatheon pulchellum,Darkthroat Shooting Star,Primulaceae,Bombus flavifrons,,
EM01955,,7/25/2018,2018,7,25,10,Elk M.,40.030126,-105.540468,2900,1,ERIEXI,Erigeron eximius,Splendid Daisy,Asteraceae,Bombus mixtus,,
EM02010,,8/24/2018,2018,8,24,14,Elk M.,40.030126,-105.540468,2900,1,ERIEXI,Erigeron eximius,Splendid Daisy,Asteraceae,Bombus bifarius,worker,
EM02140,,9/2/2019,2019,9,2,13,Elk M.,40.030126,-105.540468,2900,1,ERIEXI,Erigeron eximius,Splendid Daisy,Asteraceae,Bombus mixtus,female,
EM02146,,9/2/2019,2019,9,2,13,Elk M.,40.030126,-105.540468,2900,1,ERIEXI,Erigeron eximius,Splendid Daisy,Asteraceae,Bombus (fervidus) californicus,female,
EM02614,,9/10/2021,2021,9,10,,Elk M.,40.030126,-105.540468,2900,1,ERIEXI,Erigeron eximius,Splendid Daisy,Asteraceae,Bombus flavifrons,female,
EM02615,,9/10/2021,2021,9,10,,Elk M.,40.030126,-105.540468,2900,1,ERIEXI,Erigeron eximius,Splendid Daisy,Asteraceae,Bombus bifarius,male,
EM02616,,9/10/2021,2021,9,10,,Elk M.,40.030126,-105.540468,2900,1,ERIEXI,Erigeron eximius,Splendid Daisy,Asteraceae,Bombus fernaldae,,
EM02620,,9/10/2021,2021,9,10,,Elk M.,40.030126,-105.540468,2900,1,ERIEXI,Erigeron eximius,Splendid Daisy,Asteraceae,Bombus bifarius,female,
EM02621,,9/10/2021,2021,9,10,,Elk M.,40.030126,-105.540468,2900,1,ERIEXI,Erigeron eximius,Splendid Daisy,Asteraceae,Bombus flavifrons,male,
EM02633,,9/19/2021,2021,9,19,,Elk M.,40.030126,-105.540468,2900,1,ERIEXI,Erigeron eximius,Splendid Daisy,Asteraceae,Bombus bifarius,female,
EM02635,,9/19/2021,2021,9,19,,Elk M.,40.030126,-105.540468,2900,1,ERIEXI,Erigeron eximius,Splendid Daisy,Asteraceae,Bombus bifarius,female,
EM02637,,9/19/2021,2021,9,19,,Elk M.,40.030126,-105.540468,2900,1,ERIEXI,Erigeron eximius,Splendid Daisy,Asteraceae,Bombus bifarius,female,
EM02638,,9/19/2021,2021,9,19,,Elk M.,40.030126,-105.540468,2900,1,ERIEXI,Erigeron eximius,Splendid Daisy,Asteraceae,Bombus bifarius,female,
,,9/2/2019,2019,9,2,13,Elk M.,40.030126,-105.540468,2900,1,ERIEXI,Erigeron eximius,Splendid Daisy,Asteraceae,Bombus appositus,,
,,9/2/2019,2019,9,2,13,Elk M.,40.030126,-105.540468,2900,1,ERIEXI,Erigeron eximius,Splendid Daisy,Asteraceae,Bombus flavifrons,,
,,9/4/2021,2021,9,4,,Elk M.,40.030126,-105.540468,2900,1,ERIEXI,Erigeron eximius,Splendid Daisy,Asteraceae,Bombus occidentalis,released,
EM02611,,9/4/2021,2021,9,4,,Elk M.,40.030126,-105.540468,2900,4,ERIEXI,Erigeron eximius,Splendid Daisy,Asteraceae,Bombus bifarius,female,
EM01970,,8/4/2018,2018,8,4,11,Elk M.,40.030126,-105.540468,2900,2,ERISPE,Erigeron speciosus,Aspen Daisy,Asteraceae,Bombus bifarius,worker,
EM01976,,8/4/2018,2018,8,4,11,Elk M.,40.030126,-105.540468,2900,2,ERISPE,Erigeron speciosus,Aspen Daisy,Asteraceae,Bombus bifarius,worker,
,,8/1/2020,2020,8,1,10,Elk M.,40.030126,-105.540468,2900,3,GENACU,Gentianella acuta,Little Gentian,Gentianaceae,Bombus appositus,,
EM01868,,7/6/2018,2018,7,6,7,Elk M.,40.030126,-105.540468,2900,2,GERRIC,Geranium richardsonii,Richardson Geranium,Geraniaceae,Bombus mixtus,,
EM01694,,8/14/2017,2017,8,14,13,Elk M.,40.030126,-105.540468,2900,2,HETVIL,Heterotheca villosa,Hairy False Goldenaster,Asteraceae,Bombus flavifrons,male,
EM01726,,8/22/2017,2017,8,22,14,Elk M.,40.030126,-105.540468,2900,2,HETVIL,Heterotheca villosa,Hairy False Goldenaster,Asteraceae,Bombus bifarius,worker,
EM02017,,8/24/2018,2018,8,24,14,Elk M.,40.030126,-105.540468,2900,2,HETVIL,Heterotheca villosa,Hairy False Goldenaster,Asteraceae,Bombus bifarius,worker,
EM02259,,8/30/2020,2020,8,30,,Elk M.,40.030126,-105.540468,2900,2,HETVIL,Heterotheca villosa,Hairy False Goldenaster,Asteraceae,Bombus insularis,male,
EM02325,,8/22/2020,2020,8,22,,Elk M.,40.030126,-105.540468,2900,2,HETVIL,Heterotheca villosa,Hairy False Goldenaster,Asteraceae,Bombus flavifrons,male,
EM02331,,9/5/2020,2020,9,5,,Elk M.,40.030126,-105.540468,2900,2,HETVIL,Heterotheca villosa,Hairy False Goldenaster,Asteraceae,Bombus bifarius,female,
EM02573,,8/19/2021,2021,8,19,,Elk M.,40.030126,-105.540468,2900,2,HETVIL,Heterotheca villosa,Hairy False Goldenaster,Asteraceae,Bombus bifarius,female,
EM02594,,8/28/2021,2021,8,28,,Elk M.,40.030126,-105.540468,2900,2,HETVIL,Heterotheca villosa,Hairy False Goldenaster,Asteraceae,Bombus flavifrons,female,
EM02617,,9/10/2021,2021,9,10,,Elk M.,40.030126,-105.540468,2900,2,HETVIL,Heterotheca villosa,Hairy False Goldenaster,Asteraceae,Bombus bifarius,bald see what VA says,
EM02619,,9/10/2021,2021,9,10,,Elk M.,40.030126,-105.540468,2900,2,HETVIL,Heterotheca villosa,Hairy False Goldenaster,Asteraceae,Bombus bifarius,female,
EM01136,UCMC 0234886,8/20/2015,2015,8,20,11,Elk M.,40.030126,-105.540468,2900,3,HETVIL,Heterotheca villosa,Hairy False Goldenaster,Asteraceae,Bombus mixtus,male,
EM01463a,,8/26/2016,2016,8,26,13,Elk M.,40.030126,-105.540468,2900,3,HETVIL,Heterotheca villosa,Hairy False Goldenaster,Asteraceae,Bombus sylvicola,,
EM01489,,9/9/2016,2016,9,9,15,Elk M.,40.030126,-105.540468,2900,3,HETVIL,Heterotheca villosa,Hairy False Goldenaster,Asteraceae,Bombus (fervidus) californicus,female,
EM01647,,7/25/2017,2017,7,25,10,Elk M.,40.030126,-105.540468,2900,3,HETVIL,Heterotheca villosa,Hairy False Goldenaster,Asteraceae,Bombus mixtus,male,
EM01653,,7/31/2017,2017,7,31,11,Elk M.,40.030126,-105.540468,2900,3,HETVIL,Heterotheca villosa,Hairy False Goldenaster,Asteraceae,Bombus mixtus,worker,
EM01677,,7/31/2017,2017,7,31,11,Elk M.,40.030126,-105.540468,2900,3,HETVIL,Heterotheca villosa,Hairy False Goldenaster,Asteraceae,Bombus mixtus,worker,
EM01681,,8/8/2017,2017,8,8,12,Elk M.,40.030126,-105.540468,2900,3,HETVIL,Heterotheca villosa,Hairy False Goldenaster,Asteraceae,Bombus bifarius,worker,
EM01689,,8/14/2017,2017,8,14,13,Elk M.,40.030126,-105.540468,2900,3,HETVIL,Heterotheca villosa,Hairy False Goldenaster,Asteraceae,Bombus mixtus,worker,
EM01705,,8/14/2017,2017,8,14,13,Elk M.,40.030126,-105.540468,2900,3,HETVIL,Heterotheca villosa,Hairy False Goldenaster,Asteraceae,Bombus mixtus,worker,
EM01718,,8/22/2017,2017,8,22,14,Elk M.,40.030126,-105.540468,2900,3,HETVIL,Heterotheca villosa,Hairy False Goldenaster,Asteraceae,Bombus bifarius,male,
EM01731,,8/30/2017,2017,8,30,15,Elk M.,40.030126,-105.540468,2900,3,HETVIL,Heterotheca villosa,Hairy False Goldenaster,Asteraceae,Bombus flavifrons,worker,
EM01735,,8/30/2017,2017,8,30,15,Elk M.,40.030126,-105.540468,2900,3,HETVIL,Heterotheca villosa,Hairy False Goldenaster,Asteraceae,Bombus mixtus,worker,
EM01736,,8/30/2017,2017,8,30,15,Elk M.,40.030126,-105.540468,2900,3,HETVIL,Heterotheca villosa,Hairy False Goldenaster,Asteraceae,Bombus bifarius,worker,
EM01741,,8/30/2017,2017,8,30,15,Elk M.,40.030126,-105.540468,2900,3,HETVIL,Heterotheca villosa,Hairy False Goldenaster,Asteraceae,Bombus flavifrons,worker,
EM01960,,7/25/2018,2018,7,25,10,Elk M.,40.030126,-105.540468,2900,3,HETVIL,Heterotheca villosa,Hairy False Goldenaster,Asteraceae,Bombus bifarius,worker,
EM01971,,8/4/2018,2018,8,4,11,Elk M.,40.030126,-105.540468,2900,3,HETVIL,Heterotheca villosa,Hairy False Goldenaster,Asteraceae,Bombus bifarius,worker,
EM01987,,8/10/2018,2018,8,10,12,Elk M.,40.030126,-105.540468,2900,3,HETVIL,Heterotheca villosa,Hairy False Goldenaster,Asteraceae,Bombus bifarius,worker,
EM01992,,8/10/2018,2018,8,10,12,Elk M.,40.030126,-105.540468,2900,3,HETVIL,Heterotheca villosa,Hairy False Goldenaster,Asteraceae,Bombus bifarius,worker,
EM01992,,8/10/2018,2018,8,10,12,Elk M.,40.030126,-105.540468,2900,3,HETVIL,Heterotheca villosa,Hairy False Goldenaster,Asteraceae,Bombus bifarius,worker,
EM01992,,8/10/2018,2018,8,10,12,Elk M.,40.030126,-105.540468,2900,3,HETVIL,Heterotheca villosa,Hairy False Goldenaster,Asteraceae,Bombus bifarius,worker,
EM01992,,8/10/2018,2018,8,10,12,Elk M.,40.030126,-105.540468,2900,3,HETVIL,Heterotheca villosa,Hairy False Goldenaster,Asteraceae,Bombus bifarius,worker,
EM01994,,8/10/2018,2018,8,10,12,Elk M.,40.030126,-105.540468,2900,3,HETVIL,Heterotheca villosa,Hairy False Goldenaster,Asteraceae,Bombus bifarius,worker,
EM02000,,8/16/2018,2018,8,16,13,Elk M.,40.030126,-105.540468,2900,3,HETVIL,Heterotheca villosa,Hairy False Goldenaster,Asteraceae,Bombus bifarius,worker,
EM02001,,8/16/2018,2018,8,16,13,Elk M.,40.030126,-105.540468,2900,3,HETVIL,Heterotheca villosa,Hairy False Goldenaster,Asteraceae,Bombus bifarius,worker,
EM02004,,8/16/2018,2018,8,16,13,Elk M.,40.030126,-105.540468,2900,3,HETVIL,Heterotheca villosa,Hairy False Goldenaster,Asteraceae,Bombus bifarius,worker,
EM02006,,8/16/2018,2018,8,16,13,Elk M.,40.030126,-105.540468,2900,3,HETVIL,Heterotheca villosa,Hairy False Goldenaster,Asteraceae,Bombus flavifrons,,
EM02007,,8/16/2018,2018,8,16,13,Elk M.,40.030126,-105.540468,2900,3,HETVIL,Heterotheca villosa,Hairy False Goldenaster,Asteraceae,Bombus rufocinctus,,
EM02014,,8/24/2018,2018,8,24,14,Elk M.,40.030126,-105.540468,2900,3,HETVIL,Heterotheca villosa,Hairy False Goldenaster,Asteraceae,Bombus bifarius,worker,
EM02019,,8/30/2018,2018,8,30,15,Elk M.,40.030126,-105.540468,2900,3,HETVIL,Heterotheca villosa,Hairy False Goldenaster,Asteraceae,Bombus rufocinctus,,
EM02020,,8/30/2018,2018,8,30,15,Elk M.,40.030126,-105.540468,2900,3,HETVIL,Heterotheca villosa,Hairy False Goldenaster,Asteraceae,Bombus rufocinctus,male,
EM02023,,8/30/2018,2018,8,30,15,Elk M.,40.030126,-105.540468,2900,3,HETVIL,Heterotheca villosa,Hairy False Goldenaster,Asteraceae,Bombus bifarius,worker,
EM02102,,9/2/2019,2019,9,2,13,Elk M.,40.030126,-105.540468,2900,3,HETVIL,Heterotheca villosa,Hairy False Goldenaster,Asteraceae,Bombus melanopygus,male,
EM02226,,7/26/2020,2020,7,26,,Elk M.,40.030126,-105.540468,2900,3,HETVIL,Heterotheca villosa,Hairy False Goldenaster,Asteraceae,Bombus bifarius,female,
EM02265,,7/18/2020,2020,7,18,,Elk M.,40.030126,-105.540468,2900,3,HETVIL,Heterotheca villosa,Hairy False Goldenaster,Asteraceae,Bombus bifarius,female,
EM02311,,8/16/2020,2020,8,16,,Elk M.,40.030126,-105.540468,2900,3,HETVIL,Heterotheca villosa,Hairy False Goldenaster,Asteraceae,Bombus fernaldae,,
EM02319,,8/16/2020,2020,8,16,,Elk M.,40.030126,-105.540468,2900,3,HETVIL,Heterotheca villosa,Hairy False Goldenaster,Asteraceae,Bombus bifarius,male,
EM02509,,7/28/2021,2021,7,28,,Elk M.,40.030126,-105.540468,2900,3,HETVIL,Heterotheca villosa,Hairy False Goldenaster,Asteraceae,Bombus melanopygus,female,
EM02510,,7/28/2021,2021,7,28,,Elk M.,40.030126,-105.540468,2900,3,HETVIL,Heterotheca villosa,Hairy False Goldenaster,Asteraceae,Bombus flavifrons,female,
EM02564,,8/12/2021,2021,8,12,,Elk M.,40.030126,-105.540468,2900,3,HETVIL,Heterotheca villosa,Hairy False Goldenaster,Asteraceae,Bombus bifarius,female,
EM02565,,8/12/2021,2021,8,12,,Elk M.,40.030126,-105.540468,2900,3,HETVIL,Heterotheca villosa,Hairy False Goldenaster,Asteraceae,Bombus melanopygus,female,
EM02566,,8/12/2021,2021,8,12,,Elk M.,40.030126,-105.540468,2900,3,HETVIL,Heterotheca villosa,Hairy False Goldenaster,Asteraceae,Bombus bifarius,female,
EM02570,,8/19/2021,2021,8,19,,Elk M.,40.030126,-105.540468,2900,3,HETVIL,Heterotheca villosa,Hairy False Goldenaster,Asteraceae,Bombus bifarius,female,
EM02588,,8/28/2021,2021,8,28,,Elk M.,40.030126,-105.540468,2900,3,HETVIL,Heterotheca villosa,Hairy False Goldenaster,Asteraceae,Bombus melanopygus,female,
EM02591,,8/28/2021,2021,8,28,,Elk M.,40.030126,-105.540468,2900,3,HETVIL,Heterotheca villosa,Hairy False Goldenaster,Asteraceae,Bombus bifarius,female,
EM02603,,8/28/2021,2021,8,28,,Elk M.,40.030126,-105.540468,2900,3,HETVIL,Heterotheca villosa,Hairy False Goldenaster,Asteraceae,Bombus bifarius,female,
EM02604,,8/28/2021,2021,8,28,,Elk M.,40.030126,-105.540468,2900,3,HETVIL,Heterotheca villosa,Hairy False Goldenaster,Asteraceae,Bombus bifarius,female,
EM02608,,9/4/2021,2021,9,4,,Elk M.,40.030126,-105.540468,2900,3,HETVIL,Heterotheca villosa,Hairy False Goldenaster,Asteraceae,Bombus flavifrons,female,
EM02622,,9/10/2021,2021,9,10,,Elk M.,40.030126,-105.540468,2900,3,HETVIL,Heterotheca villosa,Hairy False Goldenaster,Asteraceae,Bombus bifarius,male,
,,7/20/2018,2018,7,20,9,Elk M.,40.030126,-105.540468,2900,3,HETVIL,Heterotheca villosa,Hairy False Goldenaster,Asteraceae,Bombus bifarius,worker,
,,8/24/2018,2018,8,24,14,Elk M.,40.030126,-105.540468,2900,3,HETVIL,Heterotheca villosa,Hairy False Goldenaster,Asteraceae,Bombus bifarius,worker,
,,8/11/2019,2019,8,11,10,Elk M.,40.030126,-105.540468,2900,3,HETVIL,Heterotheca villosa,Hairy False Goldenaster,Asteraceae,Bombus mixtus,,
,,8/20/2019,2019,8,20,11,Elk M.,40.030126,-105.540468,2900,3,HETVIL,Heterotheca villosa,Hairy False Goldenaster,Asteraceae,Bombus mixtus,,
,,8/26/2019,2019,8,26,12,Elk M.,40.030126,-105.540468,2900,3,HETVIL,Heterotheca villosa,Hairy False Goldenaster,Asteraceae,Bombus flavifrons,,
,,9/2/2019,2019,9,2,13,Elk M.,40.030126,-105.540468,2900,3,HETVIL,Heterotheca villosa,Hairy False Goldenaster,Asteraceae,Bombus bifarius,,
,,9/2/2019,2019,9,2,13,Elk M.,40.030126,-105.540468,2900,3,HETVIL,Heterotheca villosa,Hairy False Goldenaster,Asteraceae,Bombus bifarius,,
,,9/9/2019,2019,9,9,14,Elk M.,40.030126,-105.540468,2900,3,HETVIL,Heterotheca villosa,Hairy False Goldenaster,Asteraceae,Bombus bifarius,,
,,9/15/2019,2019,9,15,15,Elk M.,40.030126,-105.540468,2900,3,HETVIL,Heterotheca villosa,Hairy False Goldenaster,Asteraceae,Bombus bifarius,,
,,9/15/2019,2019,9,15,15,Elk M.,40.030126,-105.540468,2900,3,HETVIL,Heterotheca villosa,Hairy False Goldenaster,Asteraceae,Bombus bifarius,,
,,8/22/2020,2020,8,22,13,Elk M.,40.030126,-105.540468,2900,3,HETVIL,Heterotheca villosa,Hairy False Goldenaster,Asteraceae,Bombus bifarius,,
EM01697,,8/14/2017,2017,8,14,13,Elk M.,40.030126,-105.540468,2900,4,HETVIL,Heterotheca villosa,Hairy False Goldenaster,Asteraceae,Bombus mixtus,worker,
EM01701,,8/14/2017,2017,8,14,13,Elk M.,40.030126,-105.540468,2900,4,HETVIL,Heterotheca villosa,Hairy False Goldenaster,Asteraceae,Bombus flavifrons,worker,
EM01716,,8/22/2017,2017,8,22,14,Elk M.,40.030126,-105.540468,2900,4,HETVIL,Heterotheca villosa,Hairy False Goldenaster,Asteraceae,Bombus mixtus,worker,
EM01737,,8/30/2017,2017,8,30,15,Elk M.,40.030126,-105.540468,2900,4,HETVIL,Heterotheca villosa,Hairy False Goldenaster,Asteraceae,Bombus mixtus,worker,
EM01945,,7/25/2018,2018,7,25,10,Elk M.,40.030126,-105.540468,2900,4,HETVIL,Heterotheca villosa,Hairy False Goldenaster,Asteraceae,Bombus bifarius,worker,
EM01968,,8/4/2018,2018,8,4,11,Elk M.,40.030126,-105.540468,2900,4,HETVIL,Heterotheca villosa,Hairy False Goldenaster,Asteraceae,Bombus bifarius,worker,
EM01974,,8/4/2018,2018,8,4,11,Elk M.,40.030126,-105.540468,2900,4,HETVIL,Heterotheca villosa,Hairy False Goldenaster,Asteraceae,Bombus bifarius,worker,
EM01990,,8/10/2018,2018,8,10,12,Elk M.,40.030126,-105.540468,2900,4,HETVIL,Heterotheca villosa,Hairy False Goldenaster,Asteraceae,Bombus bifarius,worker,
EM01990,,8/10/2018,2018,8,10,12,Elk M.,40.030126,-105.540468,2900,4,HETVIL,Heterotheca villosa,Hairy False Goldenaster,Asteraceae,Bombus bifarius,worker,
EM02005,,8/16/2018,2018,8,16,13,Elk M.,40.030126,-105.540468,2900,4,HETVIL,Heterotheca villosa,Hairy False Goldenaster,Asteraceae,Bombus bifarius,worker,
EM02025,,8/30/2018,2018,8,30,15,Elk M.,40.030126,-105.540468,2900,4,HETVIL,Heterotheca villosa,Hairy False Goldenaster,Asteraceae,Bombus bifarius,worker,
EM02095,,9/9/2019,2019,9,9,14,Elk M.,40.030126,-105.540468,2900,4,HETVIL,Heterotheca villosa,Hairy False Goldenaster,Asteraceae,Bombus flavifrons,male,
EM02246,,8/8/2020,2020,8,8,,Elk M.,40.030126,-105.540468,2900,4,HETVIL,Heterotheca villosa,Hairy False Goldenaster,Asteraceae,Bombus flavifrons,female,
EM02254,,8/30/2020,2020,8,30,,Elk M.,40.030126,-105.540468,2900,4,HETVIL,Heterotheca villosa,Hairy False Goldenaster,Asteraceae,Bombus bifarius,male,
EM02316,,8/16/2020,2020,8,16,,Elk M.,40.030126,-105.540468,2900,4,HETVIL,Heterotheca villosa,Hairy False Goldenaster,Asteraceae,Bombus bifarius,female,
EM02330,,9/5/2020,2020,9,5,,Elk M.,40.030126,-105.540468,2900,4,HETVIL,Heterotheca villosa,Hairy False Goldenaster,Asteraceae,Bombus insularis,male,
EM02472,,7/22/2021,2021,7,22,,Elk M.,40.030126,-105.540468,2900,4,HETVIL,Heterotheca villosa,Hairy False Goldenaster,Asteraceae,Bombus mixtus,female,
EM02501,,7/28/2021,2021,7,28,,Elk M.,40.030126,-105.540468,2900,4,HETVIL,Heterotheca villosa,Hairy False Goldenaster,Asteraceae,Bombus bifarius,female,
EM02544,,8/12/2021,2021,8,12,,Elk M.,40.030126,-105.540468,2900,4,HETVIL,Heterotheca villosa,Hairy False Goldenaster,Asteraceae,Bombus flavifrons,male,
EM02558,,8/12/2021,2021,8,12,,Elk M.,40.030126,-105.540468,2900,4,HETVIL,Heterotheca villosa,Hairy False Goldenaster,Asteraceae,Bombus bifarius,female,
EM02572,,8/19/2021,2021,8,19,,Elk M.,40.030126,-105.540468,2900,4,HETVIL,Heterotheca villosa,Hairy False Goldenaster,Asteraceae,Bombus bifarius,male,
EM02579,,8/19/2021,2021,8,19,,Elk M.,40.030126,-105.540468,2900,4,HETVIL,Heterotheca villosa,Hairy False Goldenaster,Asteraceae,Bombus bifarius,female,
EM02587,,8/28/2021,2021,8,28,,Elk M.,40.030126,-105.540468,2900,4,HETVIL,Heterotheca villosa,Hairy False Goldenaster,Asteraceae,Bombus flavifrons,male,
EM02590,,8/28/2021,2021,8,28,,Elk M.,40.030126,-105.540468,2900,4,HETVIL,Heterotheca villosa,Hairy False Goldenaster,Asteraceae,Bombus flavifrons,female,
EM02607,,9/4/2021,2021,9,4,,Elk M.,40.030126,-105.540468,2900,4,HETVIL,Heterotheca villosa,Hairy False Goldenaster,Asteraceae,Bombus flavifrons,female,
EM02609,,9/4/2021,2021,9,4,,Elk M.,40.030126,-105.540468,2900,4,HETVIL,Heterotheca villosa,Hairy False Goldenaster,Asteraceae,Bombus flavifrons,female,
EM02631,,9/19/2021,2021,9,19,,Elk M.,40.030126,-105.540468,2900,4,HETVIL,Heterotheca villosa,Hairy False Goldenaster,Asteraceae,Bombus bifarius,female,
,,8/16/2018,2018,8,16,13,Elk M.,40.030126,-105.540468,2900,4,HETVIL,Heterotheca villosa,Hairy False Goldenaster,Asteraceae,Bombus bifarius,worker,
,,8/16/2018,2018,8,16,13,Elk M.,40.030126,-105.540468,2900,4,HETVIL,Heterotheca villosa,Hairy False Goldenaster,Asteraceae,Bombus bifarius,worker,
,,8/16/2018,2018,8,16,13,Elk M.,40.030126,-105.540468,2900,4,HETVIL,Heterotheca villosa,Hairy False Goldenaster,Asteraceae,Bombus bifarius,worker,
,,8/20/2019,2019,8,20,11,Elk M.,40.030126,-105.540468,2900,4,HETVIL,Heterotheca villosa,Hairy False Goldenaster,Asteraceae,Bombus bifarius,,
,,8/26/2019,2019,8,26,12,Elk M.,40.030126,-105.540468,2900,4,HETVIL,Heterotheca villosa,Hairy False Goldenaster,Asteraceae,Bombus flavifrons,,
,,9/2/2019,2019,9,2,13,Elk M.,40.030126,-105.540468,2900,4,HETVIL,Heterotheca villosa,Hairy False Goldenaster,Asteraceae,Bombus bifarius,,
,,9/2/2019,2019,9,2,13,Elk M.,40.030126,-105.540468,2900,4,HETVIL,Heterotheca villosa,Hairy False Goldenaster,Asteraceae,Bombus bifarius,,
,,9/2/2019,2019,9,2,13,Elk M.,40.030126,-105.540468,2900,4,HETVIL,Heterotheca villosa,Hairy False Goldenaster,Asteraceae,Bombus bifarius,,
,,9/15/2019,2019,9,15,15,Elk M.,40.030126,-105.540468,2900,4,HETVIL,Heterotheca villosa,Hairy False Goldenaster,Asteraceae,Bombus sylvicola,,
,,8/30/2020,2020,8,30,14,Elk M.,40.030126,-105.540468,2900,4,HETVIL,Heterotheca villosa,Hairy False Goldenaster,Asteraceae,Bombus bifarius,,
EM01420,,7/29/2016,2016,7,29,9,Elk M.,40.030126,-105.540468,2900,5,HETVIL,Heterotheca villosa,Hairy False Goldenaster,Asteraceae,Bombus bifarius,male,
EM01478,,8/26/2016,2016,8,26,13,Elk M.,40.030126,-105.540468,2900,5,HETVIL,Heterotheca villosa,Hairy False Goldenaster,Asteraceae,Bombus flavifrons,,
EM01658,,7/31/2017,2017,7,31,11,Elk M.,40.030126,-105.540468,2900,5,HETVIL,Heterotheca villosa,Hairy False Goldenaster,Asteraceae,Bombus mixtus,male,
EM01659,,7/31/2017,2017,7,31,11,Elk M.,40.030126,-105.540468,2900,5,HETVIL,Heterotheca villosa,Hairy False Goldenaster,Asteraceae,Bombus bifarius,worker,
EM01673,,7/31/2017,2017,7,31,11,Elk M.,40.030126,-105.540468,2900,5,HETVIL,Heterotheca villosa,Hairy False Goldenaster,Asteraceae,Bombus melanopygus,male,
EM01690,,8/14/2017,2017,8,14,13,Elk M.,40.030126,-105.540468,2900,5,HETVIL,Heterotheca villosa,Hairy False Goldenaster,Asteraceae,Bombus flavifrons,worker,
EM01702,,8/14/2017,2017,8,14,13,Elk M.,40.030126,-105.540468,2900,5,HETVIL,Heterotheca villosa,Hairy False Goldenaster,Asteraceae,Bombus bifarius,worker,
EM01704,,8/14/2017,2017,8,14,13,Elk M.,40.030126,-105.540468,2900,5,HETVIL,Heterotheca villosa,Hairy False Goldenaster,Asteraceae,Bombus bifarius,worker,
EM01742,,8/30/2017,2017,8,30,15,Elk M.,40.030126,-105.540468,2900,5,HETVIL,Heterotheca villosa,Hairy False Goldenaster,Asteraceae,Bombus mixtus,male,
EM01748,,9/6/2017,2017,9,6,16,Elk M.,40.030126,-105.540468,2900,5,HETVIL,Heterotheca villosa,Hairy False Goldenaster,Asteraceae,Bombus bifarius,worker,
EM01965,,7/25/2018,2018,7,25,10,Elk M.,40.030126,-105.540468,2900,5,HETVIL,Heterotheca villosa,Hairy False Goldenaster,Asteraceae,Bombus bifarius,worker,
EM01972,,8/4/2018,2018,8,4,11,Elk M.,40.030126,-105.540468,2900,5,HETVIL,Heterotheca villosa,Hairy False Goldenaster,Asteraceae,Bombus bifarius,worker,
EM01983,,8/10/2018,2018,8,10,12,Elk M.,40.030126,-105.540468,2900,5,HETVIL,Heterotheca villosa,Hairy False Goldenaster,Asteraceae,Bombus flavifrons,male,
EM01985,,8/10/2018,2018,8,10,12,Elk M.,40.030126,-105.540468,2900,5,HETVIL,Heterotheca villosa,Hairy False Goldenaster,Asteraceae,Bombus bifarius,worker,
EM01995,,8/10/2018,2018,8,10,12,Elk M.,40.030126,-105.540468,2900,5,HETVIL,Heterotheca villosa,Hairy False Goldenaster,Asteraceae,Bombus bifarius,worker,
EM02009,,8/24/2018,2018,8,24,14,Elk M.,40.030126,-105.540468,2900,5,HETVIL,Heterotheca villosa,Hairy False Goldenaster,Asteraceae,Bombus bifarius,worker,
EM02552,,8/12/2021,2021,8,12,,Elk M.,40.030126,-105.540468,2900,5,HETVIL,Heterotheca villosa,Hairy False Goldenaster,Asteraceae,Bombus flavifrons,female,
EM02553,,8/12/2021,2021,8,12,,Elk M.,40.030126,-105.540468,2900,5,HETVIL,Heterotheca villosa,Hairy False Goldenaster,Asteraceae,Bombus flavifrons,female,
EM02557,,8/12/2021,2021,8,12,,Elk M.,40.030126,-105.540468,2900,5,HETVIL,Heterotheca villosa,Hairy False Goldenaster,Asteraceae,Bombus flavifrons,female,
EM02578,,8/19/2021,2021,8,19,,Elk M.,40.030126,-105.540468,2900,5,HETVIL,Heterotheca villosa,Hairy False Goldenaster,Asteraceae,Bombus flavifrons,female,
EM02618,,9/10/2021,2021,9,10,,Elk M.,40.030126,-105.540468,2900,5,HETVIL,Heterotheca villosa,Hairy False Goldenaster,Asteraceae,Bombus sylvicola,male,
,,9/2/2019,2019,9,2,13,Elk M.,40.030126,-105.540468,2900,5,HETVIL,Heterotheca villosa,Hairy False Goldenaster,Asteraceae,Bombus bifarius,,
,,9/15/2019,2019,9,15,15,Elk M.,40.030126,-105.540468,2900,5,HETVIL,Heterotheca villosa,Hairy False Goldenaster,Asteraceae,Bombus bifarius,,
,,9/15/2019,2019,9,15,15,Elk M.,40.030126,-105.540468,2900,5,HETVIL,Heterotheca villosa,Hairy False Goldenaster,Asteraceae,Bombus bifarius,,
,,8/22/2020,2020,8,22,13,Elk M.,40.030126,-105.540468,2900,5,HETVIL,Heterotheca villosa,Hairy False Goldenaster,Asteraceae,Bombus bifarius,,
EM01422,,7/29/2016,2016,7,29,9,Elk M.,40.030126,-105.540468,2900,6,HETVIL,Heterotheca villosa,Hairy False Goldenaster,Asteraceae,Bombus bifarius,female,
EM01434,,7/29/2016,2016,7,29,9,Elk M.,40.030126,-105.540468,2900,6,HETVIL,Heterotheca villosa,Hairy False Goldenaster,Asteraceae,Bombus bifarius,female,
EM01672,,7/31/2017,2017,7,31,11,Elk M.,40.030126,-105.540468,2900,6,HETVIL,Heterotheca villosa,Hairy False Goldenaster,Asteraceae,Bombus bifarius,worker,
EM01692,,8/14/2017,2017,8,14,13,Elk M.,40.030126,-105.540468,2900,6,HETVIL,Heterotheca villosa,Hairy False Goldenaster,Asteraceae,Bombus flavifrons,male,
EM01715,,8/22/2017,2017,8,22,14,Elk M.,40.030126,-105.540468,2900,6,HETVIL,Heterotheca villosa,Hairy False Goldenaster,Asteraceae,Bombus bifarius,male,
EM01719,,8/22/2017,2017,8,22,14,Elk M.,40.030126,-105.540468,2900,6,HETVIL,Heterotheca villosa,Hairy False Goldenaster,Asteraceae,Bombus flavifrons,male,
EM01720,,8/22/2017,2017,8,22,14,Elk M.,40.030126,-105.540468,2900,6,HETVIL,Heterotheca villosa,Hairy False Goldenaster,Asteraceae,Bombus mixtus,male,
EM01723,,8/22/2017,2017,8,22,14,Elk M.,40.030126,-105.540468,2900,6,HETVIL,Heterotheca villosa,Hairy False Goldenaster,Asteraceae,Bombus bifarius,worker,
EM01752,,9/6/2017,2017,9,6,16,Elk M.,40.030126,-105.540468,2900,6,HETVIL,Heterotheca villosa,Hairy False Goldenaster,Asteraceae,Bombus bifarius,worker,
EM01948,,7/25/2018,2018,7,25,10,Elk M.,40.030126,-105.540468,2900,6,HETVIL,Heterotheca villosa,Hairy False Goldenaster,Asteraceae,Bombus bifarius,worker,
EM01977,,8/4/2018,2018,8,4,11,Elk M.,40.030126,-105.540468,2900,6,HETVIL,Heterotheca villosa,Hairy False Goldenaster,Asteraceae,Bombus bifarius,worker,
EM01978,,8/4/2018,2018,8,4,11,Elk M.,40.030126,-105.540468,2900,6,HETVIL,Heterotheca villosa,Hairy False Goldenaster,Asteraceae,Bombus bifarius,worker,
EM01984,,8/10/2018,2018,8,10,12,Elk M.,40.030126,-105.540468,2900,6,HETVIL,Heterotheca villosa,Hairy False Goldenaster,Asteraceae,Bombus mixtus,,
EM01999,,8/16/2018,2018,8,16,13,Elk M.,40.030126,-105.540468,2900,6,HETVIL,Heterotheca villosa,Hairy False Goldenaster,Asteraceae,Bombus bifarius,worker,
EM02002,,8/16/2018,2018,8,16,13,Elk M.,40.030126,-105.540468,2900,6,HETVIL,Heterotheca villosa,Hairy False Goldenaster,Asteraceae,Bombus bifarius,worker,
EM02253,,8/30/2020,2020,8,30,,Elk M.,40.030126,-105.540468,2900,6,HETVIL,Heterotheca villosa,Hairy False Goldenaster,Asteraceae,Bombus mixtus,female,
EM02332,,9/5/2020,2020,9,5,,Elk M.,40.030126,-105.540468,2900,6,HETVIL,Heterotheca villosa,Hairy False Goldenaster,Asteraceae,Bombus bifarius,male,
EM02333,,9/5/2020,2020,9,5,,Elk M.,40.030126,-105.540468,2900,6,HETVIL,Heterotheca villosa,Hairy False Goldenaster,Asteraceae,Bombus sylvicola,male,
EM02496,,7/28/2021,2021,7,28,,Elk M.,40.030126,-105.540468,2900,6,HETVIL,Heterotheca villosa,Hairy False Goldenaster,Asteraceae,Bombus mixtus,female,
EM02497,,7/28/2021,2021,7,28,,Elk M.,40.030126,-105.540468,2900,6,HETVIL,Heterotheca villosa,Hairy False Goldenaster,Asteraceae,Bombus flavifrons,female,
EM02525,,7/28/2021,2021,7,28,,Elk M.,40.030126,-105.540468,2900,6,HETVIL,Heterotheca villosa,Hairy False Goldenaster,Asteraceae,Bombus rufocinctus,female,
EM02545,,8/12/2021,2021,8,12,,Elk M.,40.030126,-105.540468,2900,6,HETVIL,Heterotheca villosa,Hairy False Goldenaster,Asteraceae,Bombus flavifrons,female,
EM02551,,8/12/2021,2021,8,12,,Elk M.,40.030126,-105.540468,2900,6,HETVIL,Heterotheca villosa,Hairy False Goldenaster,Asteraceae,Bombus bifarius,female,
EM02556,,8/12/2021,2021,8,12,,Elk M.,40.030126,-105.540468,2900,6,HETVIL,Heterotheca villosa,Hairy False Goldenaster,Asteraceae,Bombus mixtus,female,
EM02585,,8/28/2021,2021,8,28,,Elk M.,40.030126,-105.540468,2900,6,HETVIL,Heterotheca villosa,Hairy False Goldenaster,Asteraceae,Bombus bifarius,female,
EM02592,,8/28/2021,2021,8,28,,Elk M.,40.030126,-105.540468,2900,6,HETVIL,Heterotheca villosa,Hairy False Goldenaster,Asteraceae,Bombus insularis,male,
EM02593,,8/28/2021,2021,8,28,,Elk M.,40.030126,-105.540468,2900,6,HETVIL,Heterotheca villosa,Hairy False Goldenaster,Asteraceae,Bombus bifarius,female,
EM02598,,8/28/2021,2021,8,28,,Elk M.,40.030126,-105.540468,2900,6,HETVIL,Heterotheca villosa,Hairy False Goldenaster,Asteraceae,Bombus bifarius,female,
EM02626,,9/10/2021,2021,9,10,,Elk M.,40.030126,-105.540468,2900,6,HETVIL,Heterotheca villosa,Hairy False Goldenaster,Asteraceae,Bombus bifarius,female,
,,8/14/2017,2017,8,14,13,Elk M.,40.030126,-105.540468,2900,6,HETVIL,Heterotheca villosa,Hairy False Goldenaster,Asteraceae,Bombus mixtus,worker,
,,8/20/2019,2019,8,20,11,Elk M.,40.030126,-105.540468,2900,6,HETVIL,Heterotheca villosa,Hairy False Goldenaster,Asteraceae,Bombus flavifrons,,
,,8/26/2019,2019,8,26,12,Elk M.,40.030126,-105.540468,2900,6,HETVIL,Heterotheca villosa,Hairy False Goldenaster,Asteraceae,Bombus flavifrons,,
EM02326,,8/22/2020,2020,8,22,,Elk M.,40.030126,-105.540468,2900,1,HYPRAD,Hypochaeris radicata,Spotted Cat's Ear,Asteraceae,Bombus flavifrons,male,
,,8/20/2019,2019,8,20,11,Elk M.,40.030126,-105.540468,2900,1,HYPRAD,Hypochaeris radicata,Spotted Cat's Ear,Asteraceae,Bombus appositus,,
,,8/26/2019,2019,8,26,12,Elk M.,40.030126,-105.540468,2900,1,HYPRAD,Hypochaeris radicata,Spotted Cat's Ear,Asteraceae,Bombus bifarius,,
EM01369,,7/8/2016,2016,7,8,6,Elk M.,40.030126,-105.540468,2900,1,LUPARG,Lupinus argenteus,Silvery Lupine,Fabaceae,Bombus bifarius,female,
EM01610,,7/11/2017,2017,7,11,8,Elk M.,40.030126,-105.540468,2900,1,LUPARG,Lupinus argenteus,Silvery Lupine,Fabaceae,Bombus bifarius,female,
EM01843,,6/29/2018,2018,6,29,6,Elk M.,40.030126,-105.540468,2900,1,LUPARG,Lupinus argenteus,Silvery Lupine,Fabaceae,Bombus nevadensis,,
EM01872,,7/6/2018,2018,7,6,7,Elk M.,40.030126,-105.540468,2900,1,LUPARG,Lupinus argenteus,Silvery Lupine,Fabaceae,Bombus occidentalis,,
EM02412,,7/7/2021,2021,7,7,,Elk M.,40.030126,-105.540468,2900,1,LUPARG,Lupinus argenteus,Silvery Lupine,Fabaceae,Bombus bifarius,female,
EM02542,,8/12/2021,2021,8,12,,Elk M.,40.030126,-105.540468,2900,1,LUPARG,Lupinus argenteus,Silvery Lupine,Fabaceae,Bombus bifarius,female,
,,7/13/2019,2019,7,13,6,Elk M.,40.030126,-105.540468,2900,1,LUPARG,Lupinus argenteus,Silvery Lupine,Fabaceae,Bombus bifarius,female,
EM01831,,6/22/2018,2018,6,22,5,Elk M.,40.030126,-105.540468,2900,2,LUPARG,Lupinus argenteus,Silvery Lupine,Fabaceae,Bombus bifarius,worker,
EM02175,,7/12/2020,2020,7,12,,Elk M.,40.030126,-105.540468,2900,2,LUPARG,Lupinus argenteus,Silvery Lupine,Fabaceae,Bombus bifarius,female,
EM02402,,7/7/2021,2021,7,7,,Elk M.,40.030126,-105.540468,2900,2,LUPARG,Lupinus argenteus,Silvery Lupine,Fabaceae,Bombus flavifrons,female,
EM02436,,7/14/2021,2021,7,14,,Elk M.,40.030126,-105.540468,2900,2,LUPARG,Lupinus argenteus,Silvery Lupine,Fabaceae,Bombus bifarius,female,
EM02541,,8/12/2021,2021,8,12,,Elk M.,40.030126,-105.540468,2900,2,LUPARG,Lupinus argenteus,Silvery Lupine,Fabaceae,Bombus bifarius,female,
EM02568,,8/19/2021,2021,8,19,,Elk M.,40.030126,-105.540468,2900,2,LUPARG,Lupinus argenteus,Silvery Lupine,Fabaceae,Bombus bifarius,female,
,,8/11/2019,2019,8,11,10,Elk M.,40.030126,-105.540468,2900,2,LUPARG,Lupinus argenteus,Silvery Lupine,Fabaceae,Bombus mixtus,,
,,7/28/2021,2021,7,28,,Elk M.,40.030126,-105.540468,2900,2,LUPARG,Lupinus argenteus,Silvery Lupine,Fabaceae,Bombus appositus,,
EM01882,,7/6/2018,2018,7,6,7,Elk M.,40.030126,-105.540468,2900,3,LUPARG,Lupinus argenteus,Silvery Lupine,Fabaceae,Bombus bifarius,worker,
EM01335,,6/24/2016,2016,6,24,4,Elk M.,40.030126,-105.540468,2900,4,LUPARG,Lupinus argenteus,Silvery Lupine,Fabaceae,Bombus bifarius,female,
EM01834,,6/22/2018,2018,6,22,5,Elk M.,40.030126,-105.540468,2900,4,LUPARG,Lupinus argenteus,Silvery Lupine,Fabaceae,Bombus bifarius,worker,
EM01902,,7/11/2018,2018,7,11,8,Elk M.,40.030126,-105.540468,2900,4,LUPARG,Lupinus argenteus,Silvery Lupine,Fabaceae,Bombus bifarius,worker,
EM01929,,7/20/2018,2018,7,20,9,Elk M.,40.030126,-105.540468,2900,4,LUPARG,Lupinus argenteus,Silvery Lupine,Fabaceae,Bombus bifarius,worker,
,,7/23/2019,2019,7,23,7,Elk M.,40.030126,-105.540468,2900,4,LUPARG,Lupinus argenteus,Silvery Lupine,Fabaceae,Bombus bifarius,,
EM02437,,7/14/2021,2021,7,14,,Elk M.,40.030126,-105.540468,2900,5,LUPARG,Lupinus argenteus,Silvery Lupine,Fabaceae,Bombus bifarius,female,
EM02550,,8/12/2021,2021,8,12,,Elk M.,40.030126,-105.540468,2900,5,LUPARG,Lupinus argenteus,Silvery Lupine,Fabaceae,Bombus bifarius,female,
EM01389,,7/15/2016,2016,7,15,7,Elk M.,40.030126,-105.540468,2900,6,LUPARG,Lupinus argenteus,Silvery Lupine,Fabaceae,Bombus occidentalis,,
EM01536,,6/20/2017,2017,6,20,5,Elk M.,40.030126,-105.540468,2900,6,LUPARG,Lupinus argenteus,Silvery Lupine,Fabaceae,Bombus nevadensis,female,
EM01848,,6/29/2018,2018,6,29,6,Elk M.,40.030126,-105.540468,2900,6,LUPARG,Lupinus argenteus,Silvery Lupine,Fabaceae,Bombus bifarius,worker,
EM02236,,8/1/2020,2020,8,1,,Elk M.,40.030126,-105.540468,2900,6,LUPARG,Lupinus argenteus,Silvery Lupine,Fabaceae,Bombus bifarius,female,
EM02264,,7/18/2020,2020,7,18,,Elk M.,40.030126,-105.540468,2900,6,LUPARG,Lupinus argenteus,Silvery Lupine,Fabaceae,Bombus bifarius,female,
EM01733,,8/30/2017,2017,8,30,15,Elk M.,40.030126,-105.540468,2900,5,DIEBIG,Dieteria bigelovii,Bigelow's Tansy-aster,Asteraceae,Bombus mixtus,male,
EM01980,,8/4/2018,2018,8,4,11,Elk M.,40.030126,-105.540468,2900,5,DIEBIG,Dieteria bigelovii,Bigelow's Tansy-aster,Asteraceae,Bombus bifarius,worker,
EM01986,,8/10/2018,2018,8,10,12,Elk M.,40.030126,-105.540468,2900,5,DIEBIG,Dieteria bigelovii,Bigelow's Tansy-aster,Asteraceae,Bombus rufocinctus,,
EM01988,,8/10/2018,2018,8,10,12,Elk M.,40.030126,-105.540468,2900,5,DIEBIG,Dieteria bigelovii,Bigelow's Tansy-aster,Asteraceae,Bombus rufocinctus,,
EM02250,,8/8/2020,2020,8,8,,Elk M.,40.030126,-105.540468,2900,5,DIEBIG,Dieteria bigelovii,Bigelow's Tansy-aster,Asteraceae,Bombus bifarius,female,
EM02546,,8/12/2021,2021,8,12,,Elk M.,40.030126,-105.540468,2900,5,DIEBIG,Dieteria bigelovii,Bigelow's Tansy-aster,Asteraceae,Bombus flavifrons,female,
EM02569,,8/19/2021,2021,8,19,,Elk M.,40.030126,-105.540468,2900,5,DIEBIG,Dieteria bigelovii,Bigelow's Tansy-aster,Asteraceae,Bombus bifarius,female,
EM02571,,8/19/2021,2021,8,19,,Elk M.,40.030126,-105.540468,2900,5,DIEBIG,Dieteria bigelovii,Bigelow's Tansy-aster,Asteraceae,Bombus flavifrons,male,
EM02574,,8/19/2021,2021,8,19,,Elk M.,40.030126,-105.540468,2900,5,DIEBIG,Dieteria bigelovii,Bigelow's Tansy-aster,Asteraceae,Bombus flavifrons,female,
EM02583,,8/19/2021,2021,8,19,,Elk M.,40.030126,-105.540468,2900,5,DIEBIG,Dieteria bigelovii,Bigelow's Tansy-aster,Asteraceae,Bombus bifarius,female,
EM02595,,8/28/2021,2021,8,28,,Elk M.,40.030126,-105.540468,2900,5,DIEBIG,Dieteria bigelovii,Bigelow's Tansy-aster,Asteraceae,Bombus mixtus,female,
EM02610,,9/4/2021,2021,9,4,,Elk M.,40.030126,-105.540468,2900,5,DIEBIG,Dieteria bigelovii,Bigelow's Tansy-aster,Asteraceae,Bombus bifarius,female,
EM01318,,6/18/2016,2016,6,18,3,Elk M.,40.030126,-105.540468,2900,1,MERLAN,Mertensia lanceolata,Foothills Mertensia,Boraginaceae,Bombus flavifrons,,
EM01813,,6/12/2018,2018,6,12,4,Elk M.,40.030126,-105.540468,2900,2,MERLAN,Mertensia lanceolata,Foothills Mertensia,Boraginaceae,Bombus mixtus,,
,,8/20/2019,2019,8,20,11,Elk M.,40.030126,-105.540468,2900,3,ORTLUT,Orthocarpus luteus,Yellow Owl's-clover,Orobanchaceae,Bombus bifarius,,
EM02567,,8/19/2021,2021,8,19,,Elk M.,40.030126,-105.540468,2900,4,ORTLUT,Orthocarpus luteus,Yellow Owl's-clover,Orobanchaceae,Bombus bifarius,female,
EM02575,,8/19/2021,2021,8,19,,Elk M.,40.030126,-105.540468,2900,4,ORTLUT,Orthocarpus luteus,Yellow Owl's-clover,Orobanchaceae,Bombus bifarius,female,
,,8/20/2019,2019,8,20,11,Elk M.,40.030126,-105.540468,2900,4,ORTLUT,Orthocarpus luteus,Yellow Owl's-clover,Orobanchaceae,Bombus bifarius,,
EM02156,,8/6/2019,2019,8,6,9,Elk M.,40.030126,-105.540468,2900,5,PHAHET,Phacelia heterophylla,Wand Phacelia,Hydrophyllaceae,Bombus flavifrons,female,
,,8/11/2019,2019,8,11,10,Elk M.,40.030126,-105.540468,2900,5,PHAHET,Phacelia heterophylla,Wand Phacelia,Hydrophyllaceae,Bombus flavifrons,,
,,8/11/2019,2019,8,11,10,Elk M.,40.030126,-105.540468,2900,5,PHAHET,Phacelia heterophylla,Wand Phacelia,Hydrophyllaceae,Bombus flavifrons,,
,,7/6/2018,2018,7,6,7,Elk M.,40.030126,-105.540468,2900,1,POTFIS,Potentilla fissa,Big Flower Cinquefoil,Rosaceae,Bombus bifarius,worker,
EM01874,,7/6/2018,2018,7,6,7,Elk M.,40.030126,-105.540468,2900,2,POTFIS,Potentilla fissa,Big Flower Cinquefoil,Rosaceae,Bombus mixtus,,
EM01900,,7/11/2018,2018,7,11,8,Elk M.,40.030126,-105.540468,2900,2,POTFIS,Potentilla fissa,Big Flower Cinquefoil,Rosaceae,Bombus melanopygus,,
EM01342,,7/3/2016,2016,7,3,5,Elk M.,40.030126,-105.540468,2900,3,POTFIS,Potentilla fissa,Big Flower Cinquefoil,Rosaceae,Bombus melanopygus,,
EM01358,,7/8/2016,2016,7,8,6,Elk M.,40.030126,-105.540468,2900,4,POTFIS,Potentilla fissa,Big Flower Cinquefoil,Rosaceae,Bombus bifarius,female,
EM02438,,7/14/2021,2021,7,14,,Elk M.,40.030126,-105.540468,2900,6,POTFIS,Potentilla fissa,Big Flower Cinquefoil,Rosaceae,Bombus bifarius,female,
EM01873,,7/6/2018,2018,7,6,7,Elk M.,40.030126,-105.540468,2900,1,POTPUL,Potentilla pulcherrima,Beautiful Cinquefoil,Rosaceae,Bombus bifarius,worker,
EM02540,,8/12/2021,2021,8,12,,Elk M.,40.030126,-105.540468,2900,2,POTPUL,Potentilla pulcherrima,Beautiful Cinquefoil,Rosaceae,Bombus bifarius,female,
EM01811,,6/12/2018,2018,6,12,4,Elk M.,40.030126,-105.540468,2900,1,CYMLEM,Cymopterus lemmonii,Mountain Parsley,Apiaceae,Bombus rufocinctus,,
EM01854,,6/29/2018,2018,6,29,6,Elk M.,40.030126,-105.540468,2900,5,CYMLEM,Cymopterus lemmonii,Mountain Parsley,Apiaceae,Bombus bifarius,worker,
EM01871,,7/6/2018,2018,7,6,7,Elk M.,40.030126,-105.540468,2900,2,ROSWOO,Rosa woodsii,Woods' Rose,Rosaceae,Bombus occidentalis,,
EM02431,,7/7/2021,2021,7,7,,Elk M.,40.030126,-105.540468,2900,2,ROSWOO,Rosa woodsii,Woods' Rose,Rosaceae,Bombus bifarius,female,
EM01375,,7/8/2016,2016,7,8,6,Elk M.,40.030126,-105.540468,2900,3,ROSWOO,Rosa woodsii,Woods' Rose,Rosaceae,Bombus melanopygus,,
EM02434,,7/7/2021,2021,7,7,,Elk M.,40.030126,-105.540468,2900,4,ROSWOO,Rosa woodsii,Woods' Rose,Rosaceae,Bombus bifarius,female,
EM01930,,7/20/2018,2018,7,20,9,Elk M.,40.030126,-105.540468,2900,2,SEDLAN,Sedum lanceolatum,Yellow Stonecrop,Crassulaceae,Bombus mixtus,,
EM01869,,7/6/2018,2018,7,6,7,Elk M.,40.030126,-105.540468,2900,3,SEDLAN,Sedum lanceolatum,Yellow Stonecrop,Crassulaceae,Bombus melanopygus,,
EM01911,,7/11/2018,2018,7,11,8,Elk M.,40.030126,-105.540468,2900,3,SEDLAN,Sedum lanceolatum,Yellow Stonecrop,Crassulaceae,Bombus bifarius,worker,
EM02474,,7/22/2021,2021,7,22,,Elk M.,40.030126,-105.540468,2900,3,SEDLAN,Sedum lanceolatum,Yellow Stonecrop,Crassulaceae,Bombus mixtus,female,
EM02160,,8/6/2019,2019,8,6,9,Elk M.,40.030126,-105.540468,2900,4,SEDLAN,Sedum lanceolatum,Yellow Stonecrop,Crassulaceae,Bombus bifarius,male,
EM02500,,7/28/2021,2021,7,28,,Elk M.,40.030126,-105.540468,2900,4,SEDLAN,Sedum lanceolatum,Yellow Stonecrop,Crassulaceae,Bombus mixtus,female,
,,7/23/2019,2019,7,23,7,Elk M.,40.030126,-105.540468,2900,4,SEDLAN,Sedum lanceolatum,Yellow Stonecrop,Crassulaceae,Bombus bifarius,,
EM01905,,7/11/2018,2018,7,11,8,Elk M.,40.030126,-105.540468,2900,5,SEDLAN,Sedum lanceolatum,Yellow Stonecrop,Crassulaceae,Bombus bifarius,worker,
EM01933,,7/20/2018,2018,7,20,9,Elk M.,40.030126,-105.540468,2900,5,SEDLAN,Sedum lanceolatum,Yellow Stonecrop,Crassulaceae,Bombus bifarius,worker,
EM01935,,7/20/2018,2018,7,20,9,Elk M.,40.030126,-105.540468,2900,5,SEDLAN,Sedum lanceolatum,Yellow Stonecrop,Crassulaceae,Bombus mixtus,,
EM02495,,7/28/2021,2021,7,28,,Elk M.,40.030126,-105.540468,2900,5,SEDLAN,Sedum lanceolatum,Yellow Stonecrop,Crassulaceae,Bombus bifarius,female,
EM01631,,7/17/2017,2017,7,17,9,Elk M.,40.030126,-105.540468,2900,6,SEDLAN,Sedum lanceolatum,Yellow Stonecrop,Crassulaceae,Bombus bifarius,female,
EM01870,,7/6/2018,2018,7,6,7,Elk M.,40.030126,-105.540468,2900,6,SEDLAN,Sedum lanceolatum,Yellow Stonecrop,Crassulaceae,Bombus bifarius,worker,
EM02266,,7/18/2020,2020,7,18,,Elk M.,40.030126,-105.540468,2900,6,SEDLAN,Sedum lanceolatum,Yellow Stonecrop,Crassulaceae,Bombus bifarius,female,
EM02512,,7/28/2021,2021,7,28,,Elk M.,40.030126,-105.540468,2900,6,SEDLAN,Sedum lanceolatum,Yellow Stonecrop,Crassulaceae,Bombus mixtus,female,
EM02513,,7/28/2021,2021,7,28,,Elk M.,40.030126,-105.540468,2900,6,SEDLAN,Sedum lanceolatum,Yellow Stonecrop,Crassulaceae,Bombus bifarius,female,
,,8/6/2019,2019,8,6,9,Elk M.,40.030126,-105.540468,2900,6,SEDLAN,Sedum lanceolatum,Yellow Stonecrop,Crassulaceae,Bombus flavifrons,,
,,7/14/2021,2021,7,14,,Elk M.,40.030126,-105.540468,2900,6,SEDLAN,Sedum lanceolatum,Yellow Stonecrop,Crassulaceae,Bombus bifarius,same as EM02438 bombus,
EM01932,,7/20/2018,2018,7,20,9,Elk M.,40.030126,-105.540468,2900,3,SOLMUL,Solidago multiradiata,Rocky Mountain Goldenrod,Asteraceae,Bombus bifarius,worker,
EM01994,,8/10/2018,2018,8,10,12,Elk M.,40.030126,-105.540468,2900,3,SOLMUL,Solidago multiradiata,Rocky Mountain Goldenrod,Asteraceae,Bombus bifarius,worker,
EM01657,,7/31/2017,2017,7,31,11,Elk M.,40.030126,-105.540468,2900,5,SOLMUL,Solidago multiradiata,Rocky Mountain Goldenrod,Asteraceae,Bombus mixtus,male,
EM01951,,7/25/2018,2018,7,25,10,Elk M.,40.030126,-105.540468,2900,5,SOLMUL,Solidago multiradiata,Rocky Mountain Goldenrod,Asteraceae,Bombus bifarius,worker,
EM01972,,8/4/2018,2018,8,4,11,Elk M.,40.030126,-105.540468,2900,5,SOLMUL,Solidago multiradiata,Rocky Mountain Goldenrod,Asteraceae,Bombus bifarius,worker,
EM02247,,8/8/2020,2020,8,8,,Elk M.,40.030126,-105.540468,2900,5,SOLMUL,Solidago multiradiata,Rocky Mountain Goldenrod,Asteraceae,Bombus bifarius,female,
,,8/20/2019,2019,8,20,11,Elk M.,40.030126,-105.540468,2900,5,SOLMUL,Solidago multiradiata,Rocky Mountain Goldenrod,Asteraceae,Bombus mixtus,,
EM02554,,8/12/2021,2021,8,12,,Elk M.,40.030126,-105.540468,2900,2,SOLSIM,Solidago simplex,Sticky Goldenrod,Asteraceae,Bombus flavifrons,female,
,,8/16/2018,2018,8,16,13,Elk M.,40.030126,-105.540468,2900,3,SOLSIM,Solidago simplex,Sticky Goldenrod,Asteraceae,Bombus bifarius,worker,
EM02148,,9/2/2019,2019,9,2,13,Elk M.,40.030126,-105.540468,2900,3,SYMPOR,Symphyotrichum porteri,Smooth White Aster,Asteraceae,Bombus rufocinctus,,
EM02589,,8/28/2021,2021,8,28,,Elk M.,40.030126,-105.540468,2900,3,SYMPOR,Symphyotrichum porteri,Smooth White Aster,Asteraceae,Bombus bifarius,female,
EM02543,,8/12/2021,2021,8,12,,Elk M.,40.030126,-105.540468,2900,4,SYMPOR,Symphyotrichum porteri,Smooth White Aster,Asteraceae,Bombus bifarius,female,
EM02576,,8/19/2021,2021,8,19,,Elk M.,40.030126,-105.540468,2900,4,SYMPOR,Symphyotrichum porteri,Smooth White Aster,Asteraceae,Bombus bifarius,female,
,,8/20/2019,2019,8,20,11,Elk M.,40.030126,-105.540468,2900,4,SYMPOR,Symphyotrichum porteri,Smooth White Aster,Asteraceae,Bombus bifarius,,
,,8/19/2021,2021,8,19,,Elk M.,40.030126,-105.540468,2900,4,SYMPOR,Symphyotrichum porteri,Smooth White Aster,Asteraceae,Bombus bifarius,bombus; EM02579,
,,9/9/2019,2019,9,9,14,Elk M.,40.030126,-105.540468,2900,5,SYMPOR,Symphyotrichum porteri,Smooth White Aster,Asteraceae,Bombus bifarius,,
EM02586,,8/28/2021,2021,8,28,,Elk M.,40.030126,-105.540468,2900,6,SYMPOR,Symphyotrichum porteri,Smooth White Aster,Asteraceae,Bombus bifarius,female,
EM02599,,8/28/2021,2021,8,28,,Elk M.,40.030126,-105.540468,2900,6,SYMPOR,Symphyotrichum porteri,Smooth White Aster,Asteraceae,Bombus bifarius,female,
EM02623,,9/10/2021,2021,9,10,,Elk M.,40.030126,-105.540468,2900,6,SYMPOR,Symphyotrichum porteri,Smooth White Aster,Asteraceae,Bombus bifarius,male,
EM02625,,9/10/2021,2021,9,10,,Elk M.,40.030126,-105.540468,2900,6,SYMPOR,Symphyotrichum porteri,Smooth White Aster,Asteraceae,Bombus bifarius,female,
EM01806,,6/12/2018,2018,6,12,4,Elk M.,40.030126,-105.540468,2900,1,TAROFF,Taraxacum officinale,Common dandelion,Asteraceae,Bombus bifarius,queen,
EM01717,,8/22/2017,2017,8,22,14,Elk M.,40.030126,-105.540468,2900,2,TAROFF,Taraxacum officinale,Common dandelion,Asteraceae,Bombus flavifrons,worker,
EM02295,,6/13/2020,2020,6,13,,Elk M.,40.030126,-105.540468,2900,5,TAROFF,Taraxacum officinale,Common dandelion,Asteraceae,Bombus insularis,queen,
EM01314,,6/18/2016,2016,6,18,3,Elk M.,40.030126,-105.540468,2900,1,THERHO,Thermopsis rhombifolia,Golden Banner,Fabaceae,Bombus nevadensis,,Thermopsis rhombifolia var. divaricarpa
EM01319,,6/18/2016,2016,6,18,3,Elk M.,40.030126,-105.540468,2900,1,THERHO,Thermopsis rhombifolia,Golden Banner,Fabaceae,Bombus flavifrons,,Thermopsis rhombifolia var. divaricarpa
EM01326,,6/24/2016,2016,6,24,4,Elk M.,40.030126,-105.540468,2900,1,THERHO,Thermopsis rhombifolia,Golden Banner,Fabaceae,Bombus nevadensis,,Thermopsis rhombifolia var. divaricarpa
EM01327,,6/24/2016,2016,6,24,4,Elk M.,40.030126,-105.540468,2900,1,THERHO,Thermopsis rhombifolia,Golden Banner,Fabaceae,Bombus appositus,,Thermopsis rhombifolia var. divaricarpa
EM01537,,6/20/2017,2017,6,20,5,Elk M.,40.030126,-105.540468,2900,1,THERHO,Thermopsis rhombifolia,Golden Banner,Fabaceae,Bombus appositus,,Thermopsis rhombifolia var. divaricarpa
EM01830,,6/22/2018,2018,6,22,5,Elk M.,40.030126,-105.540468,2900,1,THERHO,Thermopsis rhombifolia,Golden Banner,Fabaceae,Bombus flavifrons,,Thermopsis rhombifolia var. divaricarpa
EM02380,,6/30/2021,2021,6,30,,Elk M.,40.030126,-105.540468,2900,1,THERHO,Thermopsis rhombifolia,Golden Banner,Fabaceae,Bombus bifarius,female,Thermopsis rhombifolia var. divaricarpa
EM02409,,7/7/2021,2021,7,7,,Elk M.,40.030126,-105.540468,2900,1,THERHO,Thermopsis rhombifolia,Golden Banner,Fabaceae,Bombus flavifrons,queen,Thermopsis rhombifolia var. divaricarpa
,,6/6/2020,2020,6,6,2,Elk M.,40.030126,-105.540468,2900,1,THERHO,Thermopsis rhombifolia,Golden Banner,Fabaceae,Bombus flavifrons,,Thermopsis rhombifolia var. divaricarpa
,,6/13/2020,2020,6,13,3,Elk M.,40.030126,-105.540468,2900,1,THERHO,Thermopsis rhombifolia,Golden Banner,Fabaceae,Bombus appositus,,Thermopsis rhombifolia var. divaricarpa
,,6/13/2020,2020,6,13,3,Elk M.,40.030126,-105.540468,2900,1,THERHO,Thermopsis rhombifolia,Golden Banner,Fabaceae,Bombus flavifrons,,Thermopsis rhombifolia var. divaricarpa
,,6/13/2020,2020,6,13,3,Elk M.,40.030126,-105.540468,2900,1,THERHO,Thermopsis rhombifolia,Golden Banner,Fabaceae,Bombus nevadensis,,Thermopsis rhombifolia var. divaricarpa
,,6/21/2020,2020,6,21,4,Elk M.,40.030126,-105.540468,2900,1,THERHO,Thermopsis rhombifolia,Golden Banner,Fabaceae,Bombus flavifrons,,Thermopsis rhombifolia var. divaricarpa
,,6/30/2021,2021,6,30,,Elk M.,40.030126,-105.540468,2900,1,THERHO,Thermopsis rhombifolia,Golden Banner,Fabaceae,Bombus appositus,,Thermopsis rhombifolia var. divaricarpa
,,6/30/2021,2021,6,30,,Elk M.,40.030126,-105.540468,2900,1,THERHO,Thermopsis rhombifolia,Golden Banner,Fabaceae,Bombus flavifrons,,Thermopsis rhombifolia var. divaricarpa
,,7/14/2021,2021,7,14,,Elk M.,40.030126,-105.540468,2900,1,THERHO,Thermopsis rhombifolia,Golden Banner,Fabaceae,Bombus nevadensis,,Thermopsis rhombifolia var. divaricarpa
EM01328,,6/24/2016,2016,6,24,4,Elk M.,40.030126,-105.540468,2900,2,THERHO,Thermopsis rhombifolia,Golden Banner,Fabaceae,Bombus nevadensis,,Thermopsis rhombifolia var. divaricarpa
EM01805,,6/12/2018,2018,6,12,4,Elk M.,40.030126,-105.540468,2900,2,THERHO,Thermopsis rhombifolia,Golden Banner,Fabaceae,Bombus nevadensis,,Thermopsis rhombifolia var. divaricarpa
,,6/12/2018,2018,6,12,4,Elk M.,40.030126,-105.540468,2900,2,THERHO,Thermopsis rhombifolia,Golden Banner,Fabaceae,Bombus nevadensis,Bombus,Thermopsis rhombifolia var. divaricarpa
,,6/6/2020,2020,6,6,2,Elk M.,40.030126,-105.540468,2900,2,THERHO,Thermopsis rhombifolia,Golden Banner,Fabaceae,Bombus flavifrons,,Thermopsis rhombifolia var. divaricarpa
,,6/13/2020,2020,6,13,3,Elk M.,40.030126,-105.540468,2900,2,THERHO,Thermopsis rhombifolia,Golden Banner,Fabaceae,Bombus nevadensis,,Thermopsis rhombifolia var. divaricarpa
,,6/30/2021,2021,6,30,,Elk M.,40.030126,-105.540468,2900,2,THERHO,Thermopsis rhombifolia,Golden Banner,Fabaceae,Bombus flavifrons,,Thermopsis rhombifolia var. divaricarpa
EM01516,,6/12/2017,2017,6,12,4,Elk M.,40.030126,-105.540468,2900,3,THERHO,Thermopsis rhombifolia,Golden Banner,Fabaceae,Bombus flavifrons,female,Thermopsis rhombifolia var. divaricarpa
EM01812,,6/12/2018,2018,6,12,4,Elk M.,40.030126,-105.540468,2900,3,THERHO,Thermopsis rhombifolia,Golden Banner,Fabaceae,Bombus nevadensis,,Thermopsis rhombifolia var. divaricarpa
,,6/13/2020,2020,6,13,3,Elk M.,40.030126,-105.540468,2900,3,THERHO,Thermopsis rhombifolia,Golden Banner,Fabaceae,Bombus appositus,,Thermopsis rhombifolia var. divaricarpa
,,6/21/2020,2020,6,21,4,Elk M.,40.030126,-105.540468,2900,3,THERHO,Thermopsis rhombifolia,Golden Banner,Fabaceae,Bombus appositus,,Thermopsis rhombifolia var. divaricarpa
EM01795,,6/5/2018,2018,6,5,3,Elk M.,40.030126,-105.540468,2900,4,THERHO,Thermopsis rhombifolia,Golden Banner,Fabaceae,Bombus flavifrons,,Thermopsis rhombifolia var. divaricarpa
EM01800,,6/5/2018,2018,6,5,3,Elk M.,40.030126,-105.540468,2900,4,THERHO,Thermopsis rhombifolia,Golden Banner,Fabaceae,Bombus flavifrons,,Thermopsis rhombifolia var. divaricarpa
,,6/30/2021,2021,6,30,,Elk M.,40.030126,-105.540468,2900,4,THERHO,Thermopsis rhombifolia,Golden Banner,Fabaceae,Bombus flavifrons,,Thermopsis rhombifolia var. divaricarpa
EM01541,,6/20/2017,2017,6,20,5,Elk M.,40.030126,-105.540468,2900,6,THERHO,Thermopsis rhombifolia,Golden Banner,Fabaceae,Bombus appositus,,Thermopsis rhombifolia var. divaricarpa
EM01797,,6/5/2018,2018,6,5,3,Elk M.,40.030126,-105.540468,2900,6,THERHO,Thermopsis rhombifolia,Golden Banner,Fabaceae,Bombus bifarius,queen,Thermopsis rhombifolia var. divaricarpa
,,6/21/2020,2020,6,21,4,Elk M.,40.030126,-105.540468,2900,6,THERHO,Thermopsis rhombifolia,Golden Banner,Fabaceae,Bombus appositus,,Thermopsis rhombifolia var. divaricarpa
,,6/15/2021,2021,6,15,,Elk M.,40.030126,-105.540468,2900,6,THERHO,Thermopsis rhombifolia,Golden Banner,Fabaceae,Bombus appositus,,Thermopsis rhombifolia var. divaricarpa
,,6/15/2021,2021,6,15,,Elk M.,40.030126,-105.540468,2900,6,THERHO,Thermopsis rhombifolia,Golden Banner,Fabaceae,Bombus flavifrons,,Thermopsis rhombifolia var. divaricarpa
,,6/23/2021,2021,6,23,,Elk M.,40.030126,-105.540468,2900,6,THERHO,Thermopsis rhombifolia,Golden Banner,Fabaceae,Bombus flavifrons,,Thermopsis rhombifolia var. divaricarpa
,,6/30/2021,2021,6,30,,Elk M.,40.030126,-105.540468,2900,6,THERHO,Thermopsis rhombifolia,Golden Banner,Fabaceae,Bombus nevadensis,,Thermopsis rhombifolia var. divaricarpa
EM01901,,7/11/2018,2018,7,11,8,Elk M.,40.030126,-105.540468,2900,1,TRIPRA,Trifolium pratense,Red Clover,Fabaceae,Bombus appositus,male,
EM01959,,7/25/2018,2018,7,25,10,Elk M.,40.030126,-105.540468,2900,1,TRIPRA,Trifolium pratense,Red Clover,Fabaceae,Bombus flavifrons,,
,,7/22/2021,2021,7,22,,Elk M.,40.030126,-105.540468,2900,1,TRIPRA,Trifolium pratense,Red Clover,Fabaceae,Bombus appositus,,